,bin0,bin1,bin2,bin3,bin4,bin5
43.6190,"[0.06188824041014993, 0.0038129976631854816, 0.869133971145546, 0.955515524505542, 0.9217963475490397]","[0.06642159724549698, 0.003328014197518354, 0.955515524505542, 0.9835217783346389, 0.970950733182298]","[0.0678746514171889, 0.003028428127343391, 0.9835217783346389, 1.0027739170197907, 0.9943333091959559]","[0.06965471306029908, 0.0034755646536819913, 1.0027739170197907, 1.0208062540207266, 1.0117917518069233]","[0.07170386748538256, 0.003551193806050683, 1.0208062540207266, 1.045554965851222, 1.0323432681633262]","[0.07504292566575635, 0.004331629151920395, 1.045554965851222, 1.2251305016932463, 1.0756129451164296]"
38.9190,"[0.07875823294557284, 0.005091350415990209, 0.8550175837884848, 0.9504732340277527, 0.9129325119017622]","[0.08524804315265583, 0.004257183293258517, 0.9504732340277527, 0.9809483141057723, 0.9673559770961384]","[0.08743129245487226, 0.003917547791206212, 0.9809483141057723, 1.0030809556919191, 0.9935118929005596]","[0.08993648857148878, 0.004512962671283407, 1.0030809556919191, 1.0230995024287697, 1.0130012591551891]","[0.09288591526472965, 0.004649642693861094, 1.0230995024287697, 1.0509967393897621, 1.0360941559251924]","[0.09785773485119818, 0.005877121242159252, 1.0509967393897621, 1.25604852940378, 1.0849072832431974]"
31.1370,"[0.12525139743609345, 0.009338438911458339, 0.8237402897291703, 0.9385880513665242, 0.8928193317258597]","[0.13879778670399262, 0.007385162961156333, 0.9385880513665242, 0.9759389689167534, 0.9589084698024612]","[0.14386227882152627, 0.007195593410433956, 0.9759389689167534, 1.003477532535246, 0.9915030551367604]","[0.1493845294344811, 0.008234224068901985, 1.003477532535246, 1.0284920844674792, 1.0155693305310096]","[0.15567729257037277, 0.008812708976823949, 1.0284920844674792, 1.0635292248311456, 1.0445911146253237]","[0.16769155894052806, 0.012256403053250738, 1.0635292248311456, 1.331189202266668, 1.106535112834365]"
30.0000,"[0.13544966984045476, 0.010462273762480106, 0.8179684703527561, 0.9361276362968853, 0.8890789623066776]","[0.15093497117245402, 0.008260334139535386, 0.9361276362968853, 0.9750344714040051, 0.9572933870711248]","[0.15705396610526462, 0.00802861562257207, 0.9750344714040051, 1.0034687386743801, 0.9911069806020353]","[0.1632443375941058, 0.009318373378261203, 1.0034687386743801, 1.029619896729111, 1.0160189418661578]","[0.17062600865412533, 0.010133828198508195, 1.029619896729111, 1.0658980502387827, 1.0461703605897563]","[0.18485983787604557, 0.014333949082122117, 1.0658980502387827, 1.345953804925189, 1.1106455523644758]"
27.9000,"[0.15826216454498573, 0.013266437719025581, 0.8061016350979957, 0.9310504933719365, 0.8814614827882278]","[0.17885045558258858, 0.010532190336289212, 0.9310504933719365, 0.9732719206772267, 0.9539718215182623]","[0.1875491364996988, 0.010601459698030669, 0.9732719206772267, 1.0032685990600463, 0.990286878504757]","[0.19567350060266978, 0.012359730041545993, 1.0032685990600463, 1.0319422996769407, 1.0169320685829126]","[0.2061437585582138, 0.013860753449991622, 1.0319422996769407, 1.0707947607876704, 1.0494096439364087]","[0.22669463853743907, 0.02029760754314162, 1.0707947607876704, 1.376791956576243, 1.1191329518796678]"
26.1240,"[0.18340152491772702, 0.016955562435939375, 0.7948232642821907, 0.9260746246752424, 0.8741492232530577]","[0.21040774272731214, 0.013590136872101151, 0.9260746246752424, 0.9715220129361701, 0.950725444831953]","[0.22270845854710566, 0.014109559167215433, 0.9715220129361701, 1.0033332124982255, 0.9894593317523925]","[0.23396548806175746, 0.016596793743082008, 1.0033332124982255, 1.0339287416737557, 1.0177719203627507]","[0.24851571877228756, 0.01879820921718817, 1.0339287416737557, 1.0755406000373364, 1.0525047264377148]","[0.27804146078428393, 0.028632382968670853, 1.0755406000373364, 1.4073100236554685, 1.12736650294308]"
24.5970,"[0.2116021909737284, 0.021836508458676594, 0.7840892159112632, 0.9212126380583839, 0.867139109685036]","[0.2480955927357061, 0.01785595498051132, 0.9212126380583839, 0.9696030009487758, 0.947572505576026]","[0.2643498913754743, 0.018994162929491167, 0.9696030009487758, 1.0034427260225691, 0.9886516642528321]","[0.28040184868724194, 0.022150175240885705, 1.0034427260225691, 1.0358327771791702, 1.0185720029330392]","[0.3002281617271942, 0.025383759503811724, 1.0358327771791702, 1.0801833767636635, 1.0554941787330057]","[0.3414070507503498, 0.038826987442952356, 1.0801833767636635, 1.4375560645716943, 1.1353862600457096]"
23.2680,"[0.24393424503918473, 0.02806677125176892, 0.773836534238371, 0.9164747454581753, 0.8604094936552221]","[0.2918526233850995, 0.02277788160973144, 0.9164747454581753, 0.9676931123976842, 0.9445119113464617]","[0.31494762727975834, 0.029042784318705536, 0.9676931123976842, 1.0032344979037733, 0.9878676186143628]","[0.33544270358576744, 0.02897027905150362, 1.0032344979037733, 1.0376199640646835, 1.0193322125092867]","[0.3621124703637645, 0.032846979072067496, 1.0376199640646835, 1.0847411459373129, 1.0583829081423928]","[0.41769151300709945, 0.05090102296940744, 1.0847411459373129, 1.4674782192054303, 1.1431844797764024]"
22.1000,"[0.2809537699357698, 0.03608635797968614, 0.7640002047751749, 0.9118617777152697, 0.8539192233826838]","[0.3437907487026153, 0.028385705145048092, 0.9118617777152697, 0.9658137269489162, 0.9415221428528795]","[0.3737237491506074, 0.035996945535400685, 0.9658137269489162, 1.0031960580938546, 0.9870750747041387]","[0.39916142822061756, 0.03293660851463279, 1.0031960580938546, 1.038721116737104, 1.0200336511636408]","[0.43403891092683633, 0.040051810356597765, 1.038721116737104, 1.0891871759307068, 1.0611409707097172]","[0.5050977044584584, 0.0633251619342246, 1.0891871759307068, 1.4972012328998952, 1.1507334211374782]"
21.0620,"[0.3233380516403641, 0.0457107473793627, 0.7545821207780911, 0.9076699527812416, 0.8476969273084395]","[0.40351570303159096, 0.03442232563635398, 0.9076699527812416, 0.9640469615356042, 0.9386487634860109]","[0.44134550708435294, 0.04380315767250668, 0.9640469615356042, 1.003183252079151, 0.9863263363063419]","[0.47372168983395196, 0.04033186813419423, 1.003183252079151, 1.0399766582283738, 1.0207257035659958]","[0.516747488432253, 0.04809910508570687, 1.0399766582283738, 1.0931371836339192, 1.063819191930396]","[0.6043966733796154, 0.07401388879935386, 1.0931371836339192, 1.5261256094063664, 1.1580410140969284]"
20.1340,"[0.37103612108848466, 0.05602483417616182, 0.7455599471264173, 0.9032397774783533, 0.8417163610323902]","[0.46959848963378403, 0.04169699531502354, 0.9032397774783533, 0.9622891365435821, 0.9358604257399624]","[0.5152322320848147, 0.05091162873741846, 0.9622891365435821, 1.0030939612020668, 0.9855917585094626]","[0.5554617318358925, 0.047425870713043425, 1.0030939612020668, 1.0417190530763893, 1.0213765868766782]","[0.6075095258071533, 0.055222673547422295, 1.0417190530763893, 1.0965251329310974, 1.0663870160478415]","[0.7072099468304741, 0.08440602345411607, 1.0965251329310974, 1.5543593137429603, 1.165076944934858]"
19.2980,"[0.4245306906801418, 0.06818772865101812, 0.7369454732611452, 0.8993417944796372, 0.8359929977422861]","[0.5443132310147727, 0.054781560988025786, 0.8993417944796372, 0.9606268657503929, 0.933190340215308]","[0.5960676229150901, 0.057223804104876985, 0.9606268657503929, 1.0031486867507569, 0.98488432831653]","[0.6444003808480605, 0.0575124383185787, 1.0031486867507569, 1.0436391227326693, 1.0220275345333325]","[0.7033220544851541, 0.0630066783501569, 1.0436391227326693, 1.0998514075035892, 1.0688533306715284]","[0.8179295128561116, 0.09607751091334388, 1.0998514075035892, 1.5816998511516818, 1.1718656714878684]"
18.5400,"[0.4830853489660357, 0.07969315896258732, 0.7287369468196891, 0.8951116407682866, 0.8305047064005644]","[0.6204372143049783, 0.05303320531542839, 0.8951116407682866, 0.9588831219610839, 0.9306246017814719]","[0.6828381077147757, 0.0614879173445243, 0.9588831219610839, 1.0031333872162984, 0.9842099259163256]","[0.7331026828207645, 0.05585663252604112, 1.0031333872162984, 1.0455290257678322, 1.0226395730828812]","[0.7981028745143308, 0.06251462527959967, 1.0455290257678322, 1.1034909698037816, 1.0712008460093425]","[0.9179286761821129, 0.09859908795294706, 1.1034909698037816, 1.6079540727714403, 1.1783303217747334]"
17.8480,"[0.5470344807836939, 0.09431971457486872, 0.720906864244148, 0.8914071023246714, 0.8252532829056977]","[0.7018162261726173, 0.06028133777584855, 0.8914071023246714, 0.9575211990932766, 0.9281699273245863]","[0.7742266512924726, 0.06683110498346395, 0.9575211990932766, 1.0032750881954648, 0.9835722207833213]","[0.8279173786048272, 0.06336713777787495, 1.0032750881954648, 1.047216315128312, 1.0232442899349639]","[0.8995488653176313, 0.06805626438272631, 1.047216315128312, 1.1070392101170292, 1.0734611586483285]","[1.0284620768003134, 0.10456095543858646, 1.1070392101170292, 1.6331259188195049, 1.1845423093266405]"
17.2150,"[0.6117108340753384, 0.10350724648298948, 0.7134469086430235, 0.8883313945768827, 0.8202390432112233]","[0.7839596289284441, 0.06272356796605329, 0.8883313945768827, 0.9564059854568026, 0.9258256185008378]","[0.8648859337223532, 0.07060888825860233, 0.9564059854568026, 1.003577103811173, 0.9829711458270326]","[0.9214921210037703, 0.06508812190368228, 1.003577103811173, 1.0487154726867718, 1.0238300404910112]","[0.9956208054003242, 0.06919985525962975, 1.0487154726867718, 1.1102259366429297, 1.0756123475409485]","[1.1284394589566373, 0.10230686297399044, 1.1102259366429297, 1.6568493232461907, 1.1904781386079046]"
16.6330,"[0.6802288419987915, 0.11245234042005815, 0.7063523553852137, 0.8853553101258268, 0.8154566699215536]","[0.868980259465742, 0.06446696279857674, 0.8853553101258268, 0.9552444880995319, 0.9235820149623645]","[0.9549942876315687, 0.07040164136659766, 0.9552444880995319, 1.0034007755231444, 0.982403613744436]","[1.011342293831268, 0.06887392435628965, 1.0034007755231444, 1.0505475479631927, 1.0243973290604742]","[1.0940267976618012, 0.07367746816478055, 1.0505475479631927, 1.11373304586009, 1.0776756874908242]","[1.232947448368714, 0.1049328984494954, 1.11373304586009, 1.67882839143767, 1.1961287064217476]"
16.0950,"[0.7467037007320986, 0.12099888111388438, 0.6995617803159652, 0.8825942688837194, 0.810892773148261]","[0.9529460612687973, 0.0662385396714157, 0.8825942688837194, 0.953866720583601, 0.9214231977367708]","[1.0433578631736093, 0.07356063406965027, 0.953866720583601, 1.0034760035502277, 0.9818677312403589]","[1.1028317885313788, 0.06841747174605996, 1.0034760035502277, 1.0517206546923197, 1.0249497363635711]","[1.1799593910869994, 0.07329849875970676, 1.0517206546923197, 1.1168614207064003, 1.0796188604810684]","[1.3167030231489723, 0.10530132296836071, 1.1168614207064003, 1.6993345291132569, 1.2014403610185385]"
15.5960,"[0.8138955578416965, 0.12779341646312312, 0.693075090033653, 0.8799063744944595, 0.8065570776038203]","[1.0283796244597996, 0.06639313723293142, 0.8799063744944595, 0.952599131149001, 0.9193473366527369]","[1.12786600502292, 0.08064544341844627, 0.952599131149001, 1.0035832440499106, 0.9813584618633256]","[1.181566338962012, 0.07216027234236919, 1.0035832440499106, 1.0523753976320402, 1.0254767234381947]","[1.2663036521918511, 0.08019322910467969, 1.0523753976320402, 1.1205190643338652, 1.081500367042018]","[1.409682159710033, 0.11538723923612353, 1.1205190643338652, 1.7191860763075386, 1.2065830866021445]"
15.1320,"[0.8861453090741517, 0.13535496690221183, 0.6868510715014204, 0.8773393622288023, 0.8024093411862656]","[1.1096964649207468, 0.07019949910287063, 0.8773393622288023, 0.9515308492910721, 0.9173627358765973]","[1.2106708214016628, 0.08017636781408384, 0.9515308492910721, 1.003308929394758, 0.9808453819176731]","[1.2654168876737963, 0.07327172109379537, 1.003308929394758, 1.0534202948797828, 1.0260258046362183]","[1.3561592860776568, 0.08535988916717255, 1.0534202948797828, 1.12307471734717, 1.083323056915062]","[1.4991103871951048, 0.1135239004425929, 1.12307471734717, 1.7377201590910172, 1.2114991003964057]"
14.6990,"[0.9598689773545, 0.14385544770497066, 0.6808978590718099, 0.8746774510390479, 0.7984158061539204]","[1.1944427418507577, 0.07017303219280299, 0.8746774510390479, 0.9505026471238672, 0.9154382748423359]","[1.297446644943928, 0.08450245126572736, 0.9505026471238672, 1.0037798753670573, 0.9803444316797825]","[1.3502669573438097, 0.07308578761534858, 1.0037798753670573, 1.0545407392892026, 1.026528771046538]","[1.4478630686697844, 0.08912642200034318, 1.0545407392892026, 1.1259196263579272, 1.0850509230666723]","[1.5919883634058616, 0.11662528209007386, 1.1259196263579272, 1.755746980964333, 1.2162051569239707]"
14.2940,"[1.0281453679115244, 0.14687898861662987, 0.6752279418481193, 0.8719453591676463, 0.7946253361930267]","[1.265666807730591, 0.0681652861434584, 0.8719453591676463, 0.949515369979274, 0.9135917302326271]","[1.372374372705582, 0.08351761425681599, 0.949515369979274, 1.0040087894334564, 0.9798734936774035]","[1.4212061638114613, 0.07396297009772494, 1.0040087894334564, 1.0555177044753246, 1.0270074485983927]","[1.5142475618074775, 0.08542563680725372, 1.0555177044753246, 1.1279565004112917, 1.0866654107218134]","[1.658545484940567, 0.1114061129106296, 1.1279565004112917, 1.7713593564836312, 1.220566605023479]"
13.9140,"[1.0905879831861487, 0.15482760307686524, 0.6697419402340965, 0.8679244273235669, 0.7909787220016085]","[1.330335483475102, 0.06921387386419682, 0.8679244273235669, 0.9485215187385331, 0.9118172155145794]","[1.4377306769055176, 0.08423265490460426, 0.9485215187385331, 1.0045561280234105, 0.9793786104106964]","[1.4919748507991488, 0.09615848869174283, 1.0045561280234105, 1.0565348451717629, 1.027476040556885]","[1.5938870646534777, 0.12922415171491944, 1.0565348451717629, 1.130598056369911, 1.0882386838109201]","[1.7388150016536095, 0.14836070473607568, 1.130598056369911, 1.7877828919488863, 1.2248364125667301]"
13.5570,"[1.1639556709474053, 0.1641602203016113, 0.6644600252098579, 0.8661495359567202, 0.7874321961288849]","[1.4110050407802834, 0.07476267740713127, 0.8661495359567202, 0.9476239964882728, 0.9101171362679085]","[1.5239602026167132, 0.08655791767970392, 0.9476239964882728, 1.0046409610858071, 0.9789378002649848]","[1.5765617123944655, 0.07979225237616273, 1.0046409610858071, 1.0575758922951122, 1.0279715654512407]","[1.6717732147590791, 0.09192206895999827, 1.0575758922951122, 1.1325342978175161, 1.0897623636546918]","[1.8134798380044548, 0.11183945569518637, 1.1325342978175161, 1.801912187801657, 1.2289497453534515]"
13.2210,"[1.2340425533342032, 0.1713409743296855, 0.6593518252823353, 0.8633084463415894, 0.7840097626854801]","[1.486800536325811, 0.08217966068744892, 0.8633084463415894, 0.9465823445263691, 0.9084512497857606]","[1.5940324256076055, 0.08580498398406798, 0.9465823445263691, 1.0044492036015988, 0.9784615567042758]","[1.6500880132297746, 0.08623136880505175, 1.0044492036015988, 1.058382343907168, 1.0283913628715768]","[1.7487284203468259, 0.1079025238841587, 1.058382343907168, 1.1344110200831325, 1.0912277513941964]","[1.8956442988298217, 0.12376017872539641, 1.1344110200831325, 1.8178775060734655, 1.2329965160166934]"
12.9030,"[1.2889747699371, 0.1710544288420948, 0.6544993042176216, 0.8605487102804654, 0.7807168339274415]","[1.5504019086080776, 0.0868881321814186, 0.8605487102804654, 0.9458358231328138, 0.9068558362762364]","[1.660135187879222, 0.09332195269733368, 0.9458358231328138, 1.0042005895463957, 0.9780454735216114]","[1.712364989764967, 0.09026733782064507, 1.0042005895463957, 1.0591122168112623, 1.0288189139407118]","[1.8200940099137013, 0.11008835917509255, 1.0591122168112623, 1.1367143959355037, 1.092654968386089]","[1.9625142124655053, 0.1297496262250715, 1.1367143959355037, 1.8294368839405586, 1.236789077911697]"
12.6030,"[1.3423391904004707, 0.17048453039767122, 0.6498512729043905, 0.8577891761472408, 0.7775583094336657]","[1.6009092556299418, 0.08142298292433285, 0.8577891761472408, 0.9448010803766901, 0.9053036315205003]","[1.7201031602706518, 0.10326458974855127, 0.9448010803766901, 1.0041862466920182, 0.9776317263435621]","[1.77009206405683, 0.09004774751171864, 1.0041862466920182, 1.060017723394143, 1.0292478257359488]","[1.8727898474877318, 0.1060482372349011, 1.060017723394143, 1.1382292858035743, 1.0939936434407074]","[2.0249692633156733, 0.13915220558591027, 1.1382292858035743, 1.8446388371041829, 1.240616653535496]"
12.3180,"[1.4013729191986577, 0.16838483593681458, 0.6453968201806184, 0.8551132818356771, 0.7745455842285527]","[1.6540419482258844, 0.07999167966876386, 0.8551132818356771, 0.9438626528344592, 0.9038269516596759]","[1.7626781269842553, 0.09387400215239976, 0.9438626528344592, 1.0033778135609581, 0.977186980963515]","[1.8160797141204537, 0.08605662446093608, 1.0033778135609581, 1.0604210046356106, 1.0296392936223309]","[1.9208215670616253, 0.10833094421476243, 1.0604210046356106, 1.1395177075395937, 1.0952775351185966]","[2.0742224808570624, 0.1490782178100828, 1.1395177075395937, 1.8597644197887377, 1.2441643463419343]"
12.0480,"[1.4643807903862531, 0.17115511807665076, 0.6410207929697029, 0.8524425541969401, 0.7715192933423972]","[1.7263163239187975, 0.08997763148257998, 0.8524425541969401, 0.9430123825876108, 0.9023266230711131]","[1.8460052705403787, 0.10038491653697532, 0.9430123825876108, 1.0029295376135279, 0.9767861143197132]","[1.8925606996149262, 0.08716660600863822, 1.0029295376135279, 1.0610264726098242, 1.0300411971025676]","[1.9956215438331386, 0.11308298836015891, 1.0610264726098242, 1.1409476760476296, 1.09657995362339]","[2.154022225688615, 0.14562037672465203, 1.1409476760476296, 1.8746674621787789, 1.247874803397865]"
11.7910,"[1.5184563157639235, 0.1743997509257567, 0.6368854212694073, 0.8498725687302894, 0.7686716449867346]","[1.77392535326523, 0.09046864554442176, 0.8498725687302894, 0.9423507067537127, 0.9008906546229241]","[1.892699157158819, 0.10498265915471132, 0.9423507067537127, 1.0032462517869343, 0.9763425446785425]","[1.9425146299704352, 0.09811537953821671, 1.0032462517869343, 1.061806128452009, 1.030417170874965]","[2.0573697414907737, 0.12591872154354547, 1.061806128452009, 1.1429494490263765, 1.097868597759178]","[2.204191602988879, 0.14237663303222556, 1.1429494490263765, 1.8845103554382505, 1.2510604851668443]"
11.5460,"[1.5692056942241976, 0.17948140918815478, 0.6328567207022904, 0.8472587969699821, 0.7658529704999126]","[1.827839234639708, 0.09302512054597598, 0.8472587969699821, 0.9413901162595517, 0.8994514610523391]","[1.9428387755255696, 0.10671915503735847, 0.9413901162595517, 1.0035080535363403, 0.9758762050215556]","[2.0014413217689944, 0.10685671891403171, 1.0035080535363403, 1.0628363583915887, 1.0307813709327074]","[2.1137235178810743, 0.1262187429584538, 1.0628363583915887, 1.143712323197492, 1.0989958761518894]","[2.276819437842653, 0.1621504304107453, 1.143712323197492, 1.900573733904014, 1.2545552611892203]"
11.3130,"[1.6180188763032413, 0.17835385039401433, 0.6289355597216935, 0.8447897089391817, 0.763094419863087]","[1.883625774391154, 0.10143347858552099, 0.8447897089391817, 0.9406274910941111, 0.8980804905415529]","[2.0094746743590286, 0.1261621851748745, 0.9406274910941111, 1.0034604147658444, 0.9754950277382088]","[2.057443773224185, 0.10711245391272489, 1.0034604147658444, 1.0630984186460788, 1.0311457489167248]","[2.1652132558804156, 0.12945702709146567, 1.0630984186460788, 1.1457185754934918, 1.100161297878329]","[2.3294314324099856, 0.164315845426158, 1.1457185754934918, 1.9151977621592415, 1.2578339937170901]"
11.0900,"[1.6612667881355156, 0.17605283835146857, 0.6251824650065111, 0.8426051723375626, 0.7604566000169755]","[1.9267169375313649, 0.09866306188249188, 0.8426051723375626, 0.9399592733266985, 0.896778487757662]","[2.0473298981356836, 0.12165739063711392, 0.9399592733266985, 1.0033126085008797, 0.9750534910080472]","[2.0903533318380565, 0.10474139445402712, 1.0033126085008797, 1.063621870940993, 1.0314657361536772]","[2.203860400737626, 0.12428346994032839, 1.063621870940993, 1.146806559980913, 1.1012870431256607]","[2.3766244949496853, 0.16159796620127992, 1.146806559980913, 1.9258417499288827, 1.2610087761726438]"
10.8770,"[1.7137189015998764, 0.1851290497557812, 0.6215746496240989, 0.8413292981868459, 0.7579004858545847]","[1.9599875280605812, 0.09481566640246769, 0.8413292981868459, 0.9390213095711016, 0.8954783892125667]","[2.0767915319468684, 0.12078581463017013, 0.9390213095711016, 1.0035244754636008, 0.9746068706095409]","[2.1367533446619396, 0.11068663705865742, 1.0035244754636008, 1.0640491616909513, 1.031865018534155]","[2.2395784043123275, 0.12108743044038864, 1.0640491616909513, 1.1485183007051294, 1.1023655045416572]","[2.407572832757957, 0.1525656573959388, 1.1485183007051294, 1.9385401856495499, 1.2640741995539309]"
10.6730,"[1.7597711174706443, 0.18295772245172606, 0.6178084861156774, 0.83985324633586, 0.755199240191793]","[2.0296521574437176, 0.11391594681302751, 0.83985324633586, 0.9384318189374321, 0.8940827401470127]","[2.149419296128828, 0.13344333391200125, 0.9384318189374321, 1.0040795597692322, 0.9741366643927412]","[2.2125623985051672, 0.11447531073829564, 1.0040795597692322, 1.064577791464652, 1.03215419894182]","[2.319272401738064, 0.14203148931853427, 1.064577791464652, 1.150259041256858, 1.1035874790467146]","[2.5142865150192244, 0.1719731918177918, 1.150259041256858, 1.9508763610706346, 1.2676502743214504]"
10.4780,"[1.7960866317544597, 0.17872689459716984, 0.614258930896292, 0.8385940000995712, 0.7526919844946137]","[2.0679638310436115, 0.11102629702983839, 0.8385940000995712, 0.9379686303402346, 0.8927783920680614]","[2.186641265123693, 0.12369994723408549, 0.9379686303402346, 1.0039664230933854, 0.9736831486999221]","[2.2406995781015997, 0.12182999921601764, 1.0039664230933854, 1.065360772652648, 1.0323811678423898]","[2.361426228442455, 0.17389478283872883, 1.065360772652648, 1.15115765893681, 1.104729881772562]","[2.555383217123759, 0.1975330386338471, 1.15115765893681, 1.9629763445845752, 1.2708348405347967]"
10.2900,"[1.8477736247304481, 0.18426582996138818, 0.6107436547684958, 0.8374125198911105, 0.7501553222174412]","[2.1235517988020103, 0.11117350735524713, 0.8374125198911105, 0.9372327023083027, 0.891474928584968]","[2.2442358552307637, 0.12978290676797527, 0.9372327023083027, 1.004039958598939, 0.9732234000803731]","[2.2909051069750332, 0.1262421662276411, 1.004039958598939, 1.0656766459495153, 1.0325778431858954]","[2.413352321034193, 0.16369103355118536, 1.0656766459495153, 1.1534361959432742, 1.1058282371634724]","[2.637987372278205, 0.20992746198066933, 1.1534361959432742, 1.9839348197814046, 1.274294173857919]"
10.1100,"[1.8917216186121055, 0.1803661896824158, 0.6074040325962472, 0.8356216484603535, 0.7477909488858909]","[2.1718291907353455, 0.11561022469767561, 0.8356216484603535, 0.9369286614702741, 0.8903062810770742]","[2.291078945974278, 0.14648685230180333, 0.9369286614702741, 1.004444904260502, 0.9728926221170479]","[2.34644185047542, 0.13027360693862813, 1.004444904260502, 1.06673513026245, 1.0329751258427289]","[2.454820660501229, 0.1447566004138995, 1.06673513026245, 1.1550476566836172, 1.106860304201548]","[2.6461108504792326, 0.20038716696705008, 1.1550476566836172, 1.9910654159481451, 1.2768159814724283]"
9.9380,"[1.9268259430122923, 0.17906940575778357, 0.6041328317714261, 0.8343251240177953, 0.7453158238138378]","[2.2066039649027727, 0.1240003420147167, 0.8343251240177953, 0.935858653066003, 0.8889332647691891]","[2.3298214490277935, 0.15610172278523793, 0.935858653066003, 1.004925827556727, 0.9723858303894235]","[2.384501490368364, 0.13333753097695497, 1.004925827556727, 1.0675785525448833, 1.0331330477051297]","[2.5062685274638494, 0.16205916355942523, 1.0675785525448833, 1.1564651763203606, 1.107945688966154]","[2.7079799845028445, 0.22306934440126258, 1.1564651763203606, 2.0097745694091254, 1.280192068987111]"
9.7710,"[1.94088994139759, 0.1807953852200644, 0.6010353278892699, 0.8332118895421396, 0.7430666209193684]","[2.2207515311687978, 0.12101996900165636, 0.8332118895421396, 0.9351478199935733, 0.8877063396945953]","[2.3541721874514283, 0.16010968400526995, 0.9351478199935733, 1.0051426528328056, 0.9719297555073605]","[2.4052368132910487, 0.13234753358823687, 1.0051426528328056, 1.068473120644878, 1.033349869201584]","[2.5281070614631846, 0.1646560491492646, 1.068473120644878, 1.1579020627056436, 1.1088310210198722]","[2.740444975411658, 0.23685285148396504, 1.1579020627056436, 2.0234244621468966, 1.2829621249933716]"
9.6110,"[2.0149694918045657, 0.1943684757671516, 0.5976952319183643, 0.8321288674045926, 0.7406308655528191]","[2.285216286177404, 0.12871798660499326, 0.8321288674045926, 0.9339387868864478, 0.8864050587316257]","[2.409265789909927, 0.15478959829366934, 0.9339387868864478, 1.0057725627081178, 0.9713727502841031]","[2.485396877788965, 0.1324809978744933, 1.0057725627081178, 1.0685354989394327, 1.033714858800633]","[2.6051592407623354, 0.14996667657172896, 1.0685354989394327, 1.1595143900359095, 1.1101269501994588]","[2.809968440943992, 0.20026406777278388, 1.1595143900359095, 2.033978067790652, 1.2861921177118334]"
9.4570,"[2.0575240899422225, 0.20039101199114634, 0.5946724886475498, 0.8304517118157284, 0.7384489070218005]","[2.325061401124421, 0.1318331602826348, 0.8304517118157284, 0.9321795328914184, 0.8852698430076968]","[2.458600634646681, 0.15899599428803027, 0.9321795328914184, 1.0055981753560288, 0.9710846010003699]","[2.5119903160866315, 0.13777052614461105, 1.0055981753560288, 1.069624464009974, 1.0339746237165153]","[2.6210454887670904, 0.1639719631424961, 1.069624464009974, 1.1609217326484673, 1.1110425049445338]","[2.820247829011359, 0.1950299945096265, 1.1609217326484673, 2.0421513112178746, 1.288573791183684]"
9.3080,"[2.0713948256392536, 0.19837715467543676, 0.5917097904827294, 0.828920292352087, 0.7361327778328078]","[2.3511867671791316, 0.12046725618728547, 0.828920292352087, 0.9306244719587736, 0.8839933056078761]","[2.5075641017603365, 0.1799198674204151, 0.9306244719587736, 1.005515823231097, 0.9706761425552075]","[2.5558212037109196, 0.14804867395052643, 1.005515823231097, 1.069856916191798, 1.0342206658898971]","[2.673435051336387, 0.15415531280750558, 1.069856916191798, 1.1627978648481851, 1.1121068219849197]","[2.8650244990954876, 0.19694800266111148, 1.1627978648481851, 2.0536919003705076, 1.291660048708097]"
9.1640,"[2.1225402132470603, 0.20155547699877815, 0.5887382812476338, 0.8262753073607623, 0.7337903925373019]","[2.413219888473495, 0.14946096992201302, 0.8262753073607623, 0.9297821954660334, 0.882715393419828]","[2.5496778242168836, 0.1760312551208076, 0.9297821954660334, 1.0051478098098443, 0.9701090881200409]","[2.598698969263524, 0.15497778823091818, 1.0051478098098443, 1.0698325624886913, 1.034348243145154]","[2.725368050020319, 0.1676524660264857, 1.0698325624886913, 1.163618059683269, 1.1130398732538747]","[2.927524166957516, 0.2010112413435153, 1.163618059683269, 2.07154010545352, 1.2949228168600682]"
9.0260,"[2.1420516351855103, 0.20621126763261416, 0.5859752572581861, 0.8240044594284668, 0.7316167046509827]","[2.444873813409999, 0.1696852912355405, 0.8240044594284668, 0.9290810018638556, 0.8815609280031586]","[2.5781529793754947, 0.19123534199501124, 0.9290810018638556, 1.0046249462783545, 0.9696902572313439]","[2.6201086932928326, 0.14793442477318963, 1.0046249462783545, 1.071094849955846, 1.0345378853416438]","[2.759069000245184, 0.1757236364961378, 1.071094849955846, 1.1662860885926705, 1.1140097878275794]","[2.967788075104142, 0.22927457980884225, 1.1662860885926705, 2.086231653553331, 1.2978003051050782]"
8.8920,"[2.1891028664580316, 0.20359626452537224, 0.5830564817334566, 0.8216394783267402, 0.7292782616011805]","[2.508583529128131, 0.15523089145542895, 0.8216394783267402, 0.9282622610603296, 0.88029611465758]","[2.6383225903640546, 0.18384518686268583, 0.9282622610603296, 1.004440543443909, 0.9692368545398886]","[2.6861512804493506, 0.14643237349999358, 1.004440543443909, 1.0716023692654741, 1.0348929087271495]","[2.8072744480679757, 0.16985566492168452, 1.0716023692654741, 1.168160146680098, 1.1150476506565483]","[3.0101447032189217, 0.2031141602639303, 1.168160146680098, 2.101619766969033, 1.3007512971620454]"
8.7620,"[2.191034192471913, 0.196394649699888, 0.5804851117664347, 0.8194554178218216, 0.7270913596500992]","[2.5060478741984435, 0.16208866468157185, 0.8194554178218216, 0.9265758522679094, 0.8789548107559502]","[2.626051386051507, 0.16854088442513135, 0.9265758522679094, 1.0044655696650022, 0.9684772817919641]","[2.726068571311713, 0.1922311107797981, 1.0044655696650022, 1.0733409258711764, 1.0351287382658172]","[2.855934882519228, 0.19116048668221736, 1.0733409258711764, 1.1710844770074258, 1.1161616042771796]","[3.0670837310376866, 0.22229879328132196, 1.1710844770074258, 2.1167223314849104, 1.3043273185724096]"
8.6360,"[2.2541167879183135, 0.2042422103173418, 0.5778328093277381, 0.8174580247400801, 0.7249463094941319]","[2.549498446700607, 0.16456615369528818, 0.8174580247400801, 0.9260524180994603, 0.8777121496622377]","[2.6848400822323004, 0.1669250116657506, 0.9260524180994603, 1.0053511714484917, 0.9681288431959174]","[2.768876975054825, 0.17788035025924895, 1.0053511714484917, 1.0734070887652323, 1.0353684619438377]","[2.897023534275092, 0.1898693437775382, 1.0734070887652323, 1.172661115276846, 1.1172057019744863]","[3.1124744188615487, 0.22460650003633137, 1.172661115276846, 2.1329686780588553, 1.3072415303594371]"
8.5150,"[2.281439680842409, 0.20928197958837758, 0.5752947361474671, 0.8155143969556323, 0.7227478734383354]","[2.5908287477961554, 0.155719985416696, 0.8155143969556323, 0.9245068080332592, 0.8764798492384575]","[2.726947231063063, 0.15834420434487487, 0.9245068080332592, 1.0042806801434196, 0.9676547117850249]","[2.7989309920945264, 0.16526753951277467, 1.0042806801434196, 1.0746795715008468, 1.0355543324651177]","[2.951445350636902, 0.17616959051321274, 1.0746795715008468, 1.1740355909460856, 1.1183009533302009]","[3.170524081086091, 0.23656154237961227, 1.1740355909460856, 2.145428037218715, 1.3103080889553684]"
8.3970,"[2.3092813287745275, 0.22712807935946827, 0.5728498117241795, 0.814341419594477, 0.7207122453812673]","[2.605806254840621, 0.17238178734054166, 0.814341419594477, 0.9239107334126163, 0.8752713267026044]","[2.7581573255867577, 0.2103283648699178, 0.9239107334126163, 1.003985282638, 0.9672103435941467]","[2.8145160601653605, 0.17573872814922026, 1.003985282638, 1.0740622785175378, 1.0355988063623305]","[2.955632806119618, 0.18378645492904186, 1.0740622785175378, 1.1743101137230634, 1.118785952263146]","[3.1751228407618757, 0.2584081256112802, 1.1743101137230634, 2.1610995057158204, 1.3130414966141961]"
8.2830,"[2.3465918199097926, 0.2138335635018747, 0.570293067337149, 0.8124583402904587, 0.7185749849991646]","[2.6502431253058214, 0.16160486755760667, 0.8124583402904587, 0.9242006539771652, 0.8741322983826887]","[2.8052828455786916, 0.18859859006914587, 0.9242006539771652, 1.0049981464889364, 0.9668134138802971]","[2.873725389046736, 0.16447363653958055, 1.0049981464889364, 1.0740929643200228, 1.03593960239612]","[2.9921221909153974, 0.17204823554342036, 1.0740929643200228, 1.175992757798587, 1.119936302124866]","[3.229170108073545, 0.22472646226123888, 1.175992757798587, 2.174255019206095, 1.3160975185096442]"
8.1720,"[2.3686535373680813, 0.22023527142265958, 0.568090263730721, 0.8113832117667525, 0.7166297871312277]","[2.6803224055712014, 0.17217940277414442, 0.8113832117667525, 0.9231702409490434, 0.8730480661021605]","[2.820965229977947, 0.16331655574550222, 0.9231702409490434, 1.0044238839240276, 0.9662871972358327]","[2.88762248986058, 0.16653883307622705, 1.0044238839240276, 1.0743703370253554, 1.0359956359954559]","[3.0317314897956837, 0.1989757318260189, 1.0743703370253554, 1.1757413356865274, 1.1208617127748897]","[3.2867036586694, 0.2632079692325193, 1.1757413356865274, 2.186565121614139, 1.3195444475172033]"
8.0640,"[2.4033955451622155, 0.21318700189464765, 0.5656709288493195, 0.8096992616831655, 0.7144824224834]","[2.7191486805506884, 0.1730584691658168, 0.8096992616831655, 0.9213353422204326, 0.8718755915257682]","[2.874432204751776, 0.17080021559231845, 0.9213353422204326, 1.004305815342948, 0.9659140448117267]","[2.9496453977857224, 0.16405253601129918, 1.004305815342948, 1.0739377929212142, 1.0363838369896106]","[3.0760428800484014, 0.17590815343588953, 1.0739377929212142, 1.1762151072601794, 1.1219540776714285]","[3.290655485226076, 0.218774348888218, 1.1762151072601794, 2.19390569614367, 1.321536999436372]"
7.9600,"[2.4516827719167846, 0.23214711822430875, 0.563386425087896, 0.8079960685984129, 0.7125406522756551]","[2.7527714643596126, 0.16906350506522008, 0.8079960685984129, 0.9207824011627445, 0.8706558554306096]","[2.8993932362535793, 0.16072610806808832, 0.9207824011627445, 1.0037765395775318, 0.9654214395773004]","[2.9811028061562257, 0.15161071056522996, 1.0037765395775318, 1.0747820681781115, 1.0366329910714895]","[3.114683842711685, 0.1582879018138592, 1.0747820681781115, 1.1785670799868988, 1.1229864725025893]","[3.3252006988894873, 0.23664884077691525, 1.1785670799868988, 2.21927422769618, 1.3244257289943462]"
7.8590,"[2.4716710085326086, 0.2408276681793344, 0.561164275016427, 0.8069926902858788, 0.7105012109880408]","[2.803725440498322, 0.20474521207287388, 0.8069926902858788, 0.9195373186023128, 0.869498097415141]","[2.923457747538107, 0.18351805831732967, 0.9195373186023128, 1.0036084998863284, 0.96477065453636]","[3.002900751523695, 0.1725916471375518, 1.0036084998863284, 1.0752164673607347, 1.036586212222392]","[3.147581042506841, 0.2030537103043501, 1.0752164673607347, 1.1789668749493458, 1.1236804531832274]","[3.3813267282298924, 0.23043897696931914, 1.1789668749493458, 2.203807678668762, 1.326902346839801]"
7.7600,"[2.4972205320200422, 0.21916844790510429, 0.5590421176731823, 0.805947491644548, 0.7084977270426488]","[2.7975772973225745, 0.1664012178724926, 0.805947491644548, 0.9186038459976537, 0.8681508671512547]","[2.951243360938572, 0.16075217546961376, 0.9186038459976537, 1.0039700609321962, 0.9643969582781268]","[3.029334534979967, 0.16468003214886753, 1.0039700609321962, 1.076074615534851, 1.0368383057902806]","[3.1639395171361566, 0.17965202044196682, 1.076074615534851, 1.1833866501681176, 1.1245852789478143]","[3.4119574275711497, 0.24655543326204304, 1.1833866501681176, 2.229639525851004, 1.330624288614876]"
7.6640,"[2.552252063225814, 0.23030474744464424, 0.5568486175784536, 0.8033036377536715, 0.7065571674881824]","[2.842695785453017, 0.17245663217663207, 0.8033036377536715, 0.9176664852920349, 0.867047682367211]","[2.9791591744939554, 0.16025471165588107, 0.9176664852920349, 1.0028297332998044, 0.9637780194842623]","[3.0780643917137738, 0.16548175012208852, 1.0028297332998044, 1.0776384589370724, 1.0370632718076371]","[3.224354584663739, 0.18846785935441532, 1.0776384589370724, 1.1833408484575207, 1.125790889377277]","[3.4596203250937743, 0.2521803661898191, 1.1833408484575207, 2.250054014955097, 1.3331332431518428]"
7.5700,"[2.547475370837056, 0.2284187799719205, 0.5547390395373276, 0.8029579255573601, 0.7045133112786625]","[2.86840462651102, 0.16631018663093503, 0.8029579255573601, 0.9168566995811377, 0.865801229590087]","[3.01871411539607, 0.18828859611652224, 0.9168566995811377, 1.0038781666476218, 0.9634987017577783]","[3.104209757063312, 0.17564913338882288, 1.0038781666476218, 1.0790975816032975, 1.0372913191405846]","[3.263706384356635, 0.2063944434987335, 1.0790975816032975, 1.1859427627657941, 1.126804134780884]","[3.450785477857736, 0.23062635153074101, 1.1859427627657941, 2.2577213322001284, 1.3353301204517942]"
7.4800,"[2.5693990578424604, 0.22527734189361537, 0.552522000899413, 0.8009748851467072, 0.7023880346976664]","[2.8866971428108354, 0.17059274350902584, 0.8009748851467072, 0.9164071250667561, 0.864385409750662]","[3.054339590149286, 0.19792641207523107, 0.9164071250667561, 1.0035442106560444, 0.9628675867227087]","[3.126820824836543, 0.15296965355572686, 1.0035442106560444, 1.0787105420726415, 1.0370527348548897]","[3.272908975324109, 0.19792100466049325, 1.0787105420726415, 1.1870733559628646, 1.1272201550025758]","[3.533668401164567, 0.30246372615057837, 1.1870733559628646, 2.318538341204712, 1.3409573280527054]"
7.3910,"[2.58375105854309, 0.22784074867471343, 0.5505223036892112, 0.7994624278990401, 0.7004986720872451]","[2.9240874657205405, 0.17636043324946796, 0.7994624278990401, 0.9142884523483765, 0.8633462791075114]","[3.09069776083471, 0.1932162826264603, 0.9142884523483765, 1.003607612486342, 0.9624725535147297]","[3.1769903252798977, 0.1605271177623062, 1.003607612486342, 1.0810425776689836, 1.0373962304771316]","[3.3375537259687063, 0.20460677479728634, 1.0810425776689836, 1.1891265201051109, 1.1286175201114834]","[3.5390594929335206, 0.23519237947709523, 1.1891265201051109, 2.2725841419877493, 1.3411684419025764]"
7.3050,"[2.6120927332799915, 0.2404577322172096, 0.548546100250832, 0.7985220451146305, 0.6985920396422476]","[2.9653480660768654, 0.1874559315332869, 0.7985220451146305, 0.913887917333747, 0.8621322197136252]","[3.125232744059426, 0.18574996034422575, 0.913887917333747, 1.0028460976166573, 0.961902279571045]","[3.1936121940889826, 0.16959636204411738, 1.0028460976166573, 1.0801316831205017, 1.0375027490299016]","[3.3479491716058463, 0.1868090626728327, 1.0801316831205017, 1.1915267200428492, 1.1292627281733802]","[3.599507001798213, 0.2517676581056581, 1.1915267200428492, 2.3002007826425452, 1.3454120778369327]"
